#Data tag : 23v1 , Norm tag: None
#run:fill,time,nls,ncms,delivered(/ub),recorded(/ub)
355374:7960,07/10/22 14:22:13,26,26,172110.400849877,109040.052161433
355381:7960,07/10/22 18:11:05,358,358,2617884.208727771,2161436.248153246
355418:7963,07/11/22 13:05:52,41,41,240894.708781698,233643.468234242
355419:7963,07/11/22 13:24:08,98,98,494142.338140906,481643.413266251
355429:7965,07/11/22 16:43:03,48,48,373894.016886213,339414.273092192
355435:7966,07/11/22 19:21:08,43,43,344629.594004699,234417.273826518
355442:7966,07/11/22 20:14:11,22,22,184816.113302240,134762.914166516
355443:7966,07/11/22 20:25:07,240,240,2034840.129070061,1947340.960740386
355444:7966,07/11/22 21:59:14,153,153,1293593.414193937,1241446.790865640
355445:7966,07/11/22 23:00:53,242,242,1578887.280783976,1529146.918058709
355454:7967,07/12/22 03:37:54,81,81,537229.065354849,520126.284134223
355455:7967,07/12/22 04:14:05,40,39,261160.584892183,249535.348319478
355456:7967,07/12/22 04:34:24,501,501,3132904.903088903,3099821.507837454
355558:7969,07/13/22 02:56:21,288,288,12383654.320233557,11692640.695720941
355559:7969,07/13/22 04:50:34,162,162,7160206.920799217,6823164.751702921
355679:7978,07/14/22 18:58:45,59,59,1163743.276844806,1121648.148137955
355680:7978,07/14/22 19:24:25,1651,1651,50408347.406999588,48475784.012853526
355768:8007,07/18/22 05:28:57,45,45,1351593.798932793,1219954.072749164
355769:8007,07/18/22 05:48:39,541,541,16994793.860268943,16070726.760373233
355862:8016,07/19/22 20:12:03,13,13,801703.258579340,633498.439759601
355863:8016,07/19/22 20:19:43,14,14,850042.899920369,746212.998093984
355870:8017,07/20/22 01:02:43,37,37,1831777.806581046,1582416.192547568
355871:8017,07/20/22 01:17:54,5,5,169357.830981528,150368.337797565
355872:8017,07/20/22 01:24:45,1197,1197,78775993.738412768,70488309.772918701
355892:8018,07/20/22 12:25:02,184,184,11419037.413957326,10924100.555811651
355912:8019,07/20/22 16:18:53,158,158,10130361.825803190,9105790.393327417
355913:8019,07/20/22 17:22:09,106,106,6395754.751928863,5910435.854229295
355921:8020,07/20/22 20:50:02,405,405,24881478.580218509,23070979.746235315
355933:8022,07/21/22 04:06:05,374,374,725258.646155031,718043.597503429
355942:8023,07/21/22 08:46:45,187,187,1465970.165668755,1382171.710741567
355988:8027,07/22/22 01:03:32,44,44,3475335.358932687,2814870.136623978
355989:8027,07/22/22 01:23:47,24,24,2304640.946506742,1283056.430763026
355998:8027,07/22/22 03:35:51,35,35,3112013.673354374,2680706.560935417
355999:8027,07/22/22 03:51:17,9,9,783875.332875666,653935.830652272
356004:8027,07/22/22 06:04:14,19,19,1432146.130982857,1374191.177711733
356005:8027,07/22/22 06:14:46,187,187,12780130.051138883,12309615.596152341
356043:8030,07/22/22 20:00:07,65,65,6908230.766161348,5652924.350293086
356071:8033,07/23/22 14:43:15,155,155,17640063.964420430,15477845.558866510
356074:8033,07/23/22 17:21:04,26,26,3214171.100782041,3039891.241976838
356075:8033,07/23/22 17:57:05,125,125,15322270.120477905,14082542.640932679
356076:8033,07/23/22 18:56:57,153,152,19002306.714130174,17350315.001102470
356077:8033,07/23/22 19:58:32,472,472,52550046.117013812,50371355.544392683
356135:8043,07/25/22 13:06:59,26,26,2918689.034914749,2655548.779514392
356309:8057,07/27/22 19:56:02,124,124,11928422.156350020,11076140.036492743
356316:8058,07/27/22 23:40:02,141,141,9592456.191343281,9398702.612457329
356322:8059,07/28/22 03:35:06,19,19,2306541.870956629,2089155.740623136
356323:8059,07/28/22 03:45:01,649,649,76729238.781247616,72932835.116889343
356371:8062,07/28/22 18:46:34,16,16,1866506.384110405,1571297.533842241
356375:8063,07/28/22 21:04:41,68,68,8922719.175966406,6616938.903570474
356378:8063,07/28/22 22:10:25,295,295,43751528.156041108,42078694.958121076
356381:8063,07/29/22 00:10:47,1193,1193,134947843.722529322,132921840.968350574
356383:8063,07/29/22 08:04:41,33,33,2942838.411869803,2902014.962305802
356385:8063,07/29/22 08:26:25,30,30,2681810.537620347,2497278.484679306
356386:8063,07/29/22 08:41:02,122,122,8927381.421213981,8806190.697089989
356426:8067,07/29/22 15:50:08,22,22,3151933.335696699,2600013.110718525
356428:8067,07/29/22 16:11:32,300,300,48319867.528070182,46361151.226326570
356433:8067,07/29/22 19:20:28,310,310,50251803.204510912,48380656.843108892
356434:8067,07/29/22 21:22:54,13,13,1973337.826355978,1737054.153817975
356435:8067,07/29/22 21:31:01,4,4,603134.314295135,443803.745044926
356446:8068,07/30/22 00:05:30,614,614,97015719.346048355,93899214.351754606
356523:8076,07/31/22 20:51:42,866,866,165987995.741653979,162859103.002712637
356531:8076,08/01/22 04:10:15,56,56,9227739.568239516,9079145.451884910
356563:8078,08/01/22 16:49:18,294,294,53563645.403820224,52486547.789920740
356568:8079,08/01/22 20:52:46,23,23,3758728.688614562,3237103.231996925
356569:8079,08/01/22 21:05:00,251,250,47628818.062440179,45846006.939789824
356570:8079,08/01/22 22:47:20,98,98,19748005.872108340,19321098.206697881
356576:8081,08/02/22 07:11:08,183,183,27497349.875129532,26322334.329337258
356578:8081,08/02/22 08:39:29,865,865,159259882.185191244,156372943.410379350
356580:8081,08/02/22 14:21:24,51,50,8131908.706370178,7829332.190850694
356582:8081,08/02/22 15:25:57,98,98,14574286.290241899,14436924.824386146
356614:8083,08/02/22 20:26:15,50,50,9384377.096970089,7981524.829673070
356615:8083,08/02/22 20:53:13,1297,1297,238423327.530151606,233769799.884333998
356619:8083,08/03/22 05:31:02,173,173,24550952.294516545,24281332.165771574
356810:8094,08/05/22 04:20:11,120,120,26425430.981006712,25773036.987742860
356811:8094,08/05/22 05:13:06,44,44,13531696.808060762,13031225.800361114
356812:8094,08/05/22 05:35:55,107,107,31374691.474226475,30377239.011775907
356813:8094,08/05/22 06:22:46,54,54,15201195.556496410,14715256.507015733
356814:8094,08/05/22 06:48:52,669,669,161069910.751634628,157982717.893838108
356815:8094,08/05/22 11:13:01,98,98,19778677.111393139,19361668.710103557
356824:8094,08/05/22 12:39:04,66,66,10543766.640182763,9593918.866553584
356908:8098,08/06/22 03:30:07,26,26,7734857.613582471,7217396.133311783
356919:8099,08/06/22 05:56:45,88,88,22238484.487044852,21425778.702937845
356937:8100,08/06/22 16:02:16,119,119,29994345.457571898,28652881.254588917
356946:8102,08/06/22 21:52:44,129,129,39125688.850787573,34913946.893826358
356947:8102,08/06/22 22:46:12,350,350,95956279.885816842,91705122.477702677
356948:8102,08/07/22 01:03:58,88,88,21822162.812907919,20188675.444078635
356949:8102,08/07/22 01:40:25,94,94,22283847.603647377,21643326.319331761
356951:8102,08/07/22 02:29:25,274,274,60714882.758922249,59447981.883497044
356954:8102,08/07/22 04:28:59,364,364,71084076.196736544,68791655.069383234
356955:8102,08/07/22 06:51:58,380,380,65344866.675403230,64082158.690253094
356956:8102,08/07/22 09:20:44,109,109,15272209.011339182,15146349.867359797
356968:8103,08/07/22 13:00:07,172,172,49662908.387052633,47732556.902984343
356969:8103,08/07/22 14:14:36,236,236,70540866.973692819,67040494.165774554
356970:8103,08/07/22 15:48:42,366,366,98553040.201644152,96038921.399063006
356998:8106,08/08/22 08:36:19,5,5,1679618.460491283,1583753.279918208
356999:8106,08/08/22 08:44:07,58,58,18930298.567134518,16969157.446976636
357000:8106,08/08/22 09:08:08,50,50,12137181.512192857,11047378.790989222
357001:8106,08/08/22 09:29:31,183,183,53213167.348763295,51476199.017511845
357079:8112,08/09/22 06:42:08,22,22,8552572.145124370,7500344.688443882
357080:8112,08/09/22 06:52:58,616,616,200751193.000406981,193771885.071902156
357081:8112,08/09/22 11:12:46,759,759,182398976.255722821,178679889.170558929
357101:8113,08/09/22 20:11:07,50,50,18217906.493754990,17358495.111816257
357102:8113,08/09/22 20:48:55,105,105,36742561.127579674,35115311.782504544
357104:8113,08/09/22 21:59:35,4,4,1325720.585656025,1266275.210440597
357106:8113,08/09/22 22:26:05,60,60,19031432.371965453,17227783.581050023
357112:8113,08/09/22 23:05:03,519,519,142227164.255287498,135803330.788333476
357268:8115,08/10/22 21:34:00,74,74,23577880.664519247,21293597.851102225
357271:8115,08/10/22 22:10:57,1569,1569,453117762.641158164,421966971.183915257
357328:8118,08/11/22 21:45:57,62,62,18922848.032913655,16586605.194372661
357329:8118,08/11/22 22:13:21,668,668,234728972.652054012,219769002.703842402
357330:8118,08/12/22 02:34:27,157,157,46876227.631303117,42967711.822625414
357331:8118,08/12/22 03:38:29,23,23,6567877.873155669,5629200.180725926
357332:8118,08/12/22 03:50:29,430,430,111664267.508206710,99092139.782008722
357333:8118,08/12/22 06:41:18,207,207,45384446.409176432,43544170.135605522
357401:8120,08/12/22 20:57:25,617,617,174018007.730691880,169337708.827384204
357406:8121,08/13/22 04:47:20,125,125,35632484.584197044,33717056.395536453
357438:8124,08/13/22 16:37:25,196,196,67512948.493277371,62501105.483442172
357440:8124,08/13/22 18:04:46,354,354,122117836.595018342,115002499.019984365
357441:8124,08/13/22 20:25:23,83,83,25720587.643989354,25019812.719080690
357442:8124,08/13/22 21:03:01,1373,1373,321784248.767778754,313360079.775762081
357447:8125,08/14/22 08:45:20,11,11,2795094.707467003,2433810.006819391
357472:8128,08/14/22 20:42:00,27,27,7556258.602508591,7269330.765691623
357478:8128,08/15/22 05:49:42,8,8,2292350.057212324,1626275.285783311
357479:8128,08/15/22 05:54:43,1046,1046,349144410.241199017,331908025.410990238
357482:8128,08/15/22 12:48:28,205,205,51905516.383872516,50432329.128572650
357538:8132,08/15/22 22:37:19,25,25,6671805.786622585,5483877.910545846
357542:8132,08/15/22 22:57:04,251,251,93121882.544638813,84347494.364968464
357550:8132,08/16/22 00:37:57,36,36,12998417.799628388,11864760.752366390
357610:8136,08/17/22 07:34:23,191,191,48530802.909486033,45660268.100042246
357611:8136,08/17/22 08:50:12,412,412,116954400.808519080,111390495.941559792
357612:8136,08/17/22 11:32:56,736,736,163734085.400052935,157136746.170320630
357613:8136,08/17/22 16:22:26,256,256,47225288.787487634,46067797.214938618
357688:8142,08/19/22 03:18:59,380,380,140845123.332744300,130475572.664631024
357696:8143,08/19/22 08:53:22,359,359,133664512.046546578,124224025.788871080
357697:8143,08/19/22 11:24:42,39,39,14090476.991118133,12770761.047087690
357698:8143,08/19/22 11:56:20,63,63,21794162.256055918,18745332.262284499
357699:8143,08/19/22 12:23:21,30,30,10053670.819157314,9283920.734454796
357700:8143,08/19/22 12:36:51,757,757,216673795.821945816,210724613.617754400
357701:8143,08/19/22 17:34:11,310,310,71163649.781242579,69809189.918750495
357705:8143,08/19/22 20:48:46,202,202,40405949.225349091,38924156.462343663
357706:8143,08/19/22 22:11:20,161,161,27750637.253408503,27146058.177869480
357720:8144,08/20/22 01:22:19,61,61,19258516.081752338,17957058.147473074
357732:8146,08/20/22 12:01:56,128,128,47329447.948565818,41298531.648906417
357734:8146,08/20/22 13:04:44,300,300,118476244.987431481,109791915.405074030
357735:8146,08/20/22 15:02:37,1123,1123,333200909.396562099,321631745.947460890
357754:8147,08/21/22 00:52:35,117,117,38272307.733731568,33659912.759356678
357756:8147,08/21/22 01:44:38,425,425,159631355.805202067,149673172.500764400
357757:8147,08/21/22 04:31:13,9,9,3055810.711416467,2136323.644477684
357758:8147,08/21/22 04:37:20,85,85,28132088.851428583,25472973.739719979
357759:8147,08/21/22 05:12:43,70,70,22236233.354211915,20668873.194568820
357766:8148,08/21/22 09:27:46,115,115,41865002.645338885,37134565.809724882
357777:8148,08/21/22 16:05:36,85,85,24120972.531478118,23462436.416531947
357778:8148,08/21/22 16:43:18,359,358,92451262.958162412,87988239.470221817
357779:8148,08/21/22 19:05:47,74,74,17514031.507459290,16984839.706173081
357781:8148,08/21/22 19:44:36,10,10,2269276.118063566,2104066.428489688
357802:8149,08/21/22 22:59:37,164,164,58177887.344153568,53533075.964590073
357803:8149,08/22/22 00:05:02,153,153,56392191.594111316,53207580.463655114
357804:8149,08/22/22 01:06:52,23,23,8503256.677470692,7771355.031440870
357805:8149,08/22/22 01:17:38,88,88,31638835.556842625,29887572.897209868
357806:8149,08/22/22 01:53:44,56,56,16999489.598912403,15762454.078133062
357807:8149,08/22/22 02:20:46,244,244,82498147.228184223,78721668.227152035
357808:8149,08/22/22 03:57:54,17,17,5352865.530806292,4359292.823756796
357809:8149,08/22/22 04:06:38,41,41,12862894.485479144,12166597.079271583
357812:8149,08/22/22 04:23:37,50,50,15405856.752291817,14700530.339873593
357813:8149,08/22/22 04:44:13,293,293,84209523.224674925,80145283.420884937
357814:8149,08/22/22 06:39:13,212,212,55225239.183373071,51516054.517102234
357815:8149,08/22/22 08:04:22,944,944,201623834.116634816,196389545.003680617
357898:8151,08/23/22 04:26:33,313,313,113749818.997467861,106365826.155792490
357899:8151,08/23/22 06:29:12,637,637,197791139.472592294,188409175.501731247
357900:8151,08/23/22 10:38:20,516,516,125032558.167714432,119376358.115673974
359569:8210,09/29/22 16:40:17,83,83,1350815.692811037,1328969.774578128
359571:8210,09/29/22 17:29:19,153,153,2434319.053016969,2376289.600340213
359575:8210,09/29/22 18:41:25,83,83,1300656.375111037,1280168.104126109
359595:8211,09/30/22 02:53:50,273,273,6448820.276425977,6321708.881516377
359597:8211,09/30/22 04:45:13,94,94,2184781.567824665,2157374.026060801
359602:8212,09/30/22 07:24:24,74,74,5967328.549167138,5496977.082214586
359609:8212,09/30/22 10:00:32,25,25,2070198.121682121,1692232.520168473
359612:8212,09/30/22 10:31:57,12,12,959070.802665345,768442.592916955
359661:8214,09/30/22 16:54:53,81,81,9660301.022551408,9176705.325200116
359685:8216,10/01/22 00:05:59,132,132,21253565.578023925,21045058.471344251
359686:8216,10/01/22 01:11:45,934,934,115857073.130935863,114976578.125936240
359691:8220,10/01/22 12:46:50,121,121,38740296.170465626,37002384.471884236
359693:8220,10/01/22 14:12:09,604,604,170188417.052103341,164149443.645113647
359694:8220,10/01/22 18:13:37,1080,1080,223075944.169946134,217971307.484771222
359699:8221,10/02/22 04:39:50,1856,1856,426714497.614306569,413549100.238624334
359718:8222,10/02/22 22:52:32,366,366,127135453.394115075,122075269.676290929
359750:8223,10/03/22 13:38:36,135,135,50297424.015302889,48556766.365719341
359751:8223,10/03/22 15:00:20,993,993,321074442.495742261,307563294.929608107
359762:8225,10/04/22 01:15:14,223,223,84255769.910405770,80580916.798117802
359763:8225,10/04/22 02:48:18,458,458,158200098.565550476,152183377.226957232
359764:8225,10/04/22 06:05:26,1084,1084,266846259.161473483,257530010.317362785
359776:8226,10/04/22 15:35:49,329,329,213591.136238556,212718.084020284
359806:8228,10/05/22 00:42:28,369,369,151639893.678745180,144756816.562404394
359808:8228,10/05/22 03:14:08,46,46,17935840.439266864,16656406.480453165
359809:8228,10/05/22 03:32:58,43,43,16388299.959988087,15393322.245382641
359810:8228,10/05/22 03:51:08,183,183,66090363.857161701,62595801.443056703
359812:8228,10/05/22 05:09:00,227,227,74689405.759450421,71099680.659397185
359814:8228,10/05/22 06:49:10,366,366,105510143.464842275,101714061.966375038
359870:8230,10/05/22 21:06:37,6,6,2443144.051943440,2244593.615635647
359871:8230,10/05/22 21:13:55,228,228,105143936.283479378,99129853.688263714
359887:8232,10/06/22 07:08:20,473,473,317389.138363542,316146.535467275
359899:8233,10/06/22 12:25:21,287,287,8433250.319656339,7823855.543473043
359903:8233,10/06/22 14:28:03,12,12,319667.173095854,305247.626431010
359998:8236,10/07/22 18:18:08,1892,1892,605001568.692785621,582944617.304714322
360017:8238,10/08/22 13:21:48,40,40,12282504.606046254,11651118.718975201
360019:8238,10/08/22 13:53:37,1488,1488,488120911.051014602,471287082.013371885
360075:8245,10/09/22 22:41:33,758,758,312561961.163286150,299093732.345063150
360090:8245,10/10/22 06:20:43,794,794,208255248.472493649,201562423.505388796
360116:8247,10/10/22 16:09:38,356,356,146025753.483320624,139462885.670591861
360125:8247,10/10/22 19:43:37,188,188,72379918.460316315,68685869.283867583
360126:8247,10/10/22 21:01:15,369,369,126299637.033112317,120810808.905945718
360127:8247,10/10/22 23:26:55,201,201,60690749.969680533,58460626.898281142
360128:8247,10/11/22 00:46:22,163,163,45950837.701220021,44517229.428088948
360130:8247,10/11/22 02:51:09,5,5,1295146.908338744,872247.999953714
360131:8247,10/11/22 02:56:13,378,378,91061772.648509338,88462662.076317385
360141:8248,10/11/22 07:31:36,751,751,307676850.311514914,293394161.038298666
360224:8253,10/12/22 03:08:53,217,217,84728697.352706209,78435166.233716473
360225:8253,10/12/22 04:42:17,355,355,149483217.518259645,139288282.484198570
360295:8260,10/13/22 04:45:03,1439,1439,546808451.295074463,522695787.937705278
360296:8260,10/13/22 14:07:36,519,519,137732174.366375387,133299205.619176954
360327:8263,10/14/22 02:26:23,352,352,139701876.158317983,133399377.538111553
360390:8267,10/14/22 22:29:39,71,71,27542121.568081364,26440046.913312357
360391:8267,10/14/22 23:01:37,4,4,1736858.286360113,1537077.120771609
360392:8267,10/14/22 23:10:16,61,61,25662907.923218522,24246441.313743848
360393:8267,10/14/22 23:36:29,124,124,52807493.861463994,49576966.588560663
360400:8269,10/15/22 04:47:39,80,80,25126029.018698901,23999155.738787930
360413:8272,10/15/22 11:30:38,90,90,37743588.414282076,35974042.748948544
360428:8273,10/15/22 15:03:02,74,74,29740608.099953283,27791708.581686672
360432:8273,10/15/22 15:53:32,28,28,12010519.770717425,11275254.405172203
360435:8273,10/15/22 16:15:34,48,48,20213051.570074804,18897317.278999463
360437:8273,10/15/22 16:45:40,40,40,17079922.252361536,16417412.519726899
360438:8273,10/15/22 17:05:14,6,6,2540217.209758581,2379287.501698308
360458:8274,10/15/22 22:24:36,184,184,68993907.086838201,65095628.833603464
360459:8274,10/15/22 23:47:03,1332,1332,480714939.689480007,460953402.431782842
360460:8274,10/16/22 08:28:58,1077,1077,242875910.527570575,235193294.130234331
360486:8276,10/16/22 19:01:39,278,278,115475149.624659151,109181984.282425985
360490:8276,10/16/22 21:58:50,1177,1177,386592514.358719409,369566818.997865498
360491:8276,10/17/22 05:43:58,176,176,41573599.756963082,40172674.094532475
360737:8289,10/19/22 12:35:46,18,18,874501.379734788,858464.478557508
360761:8293,10/19/22 17:02:58,157,157,9326723.123810321,9149339.839534571
360794:8295,10/20/22 01:57:32,677,677,282254436.989068151,269149051.228120267
360795:8295,10/20/22 06:25:12,395,395,150212226.088691145,144103291.672330469
360797:8295,10/20/22 12:44:41,5,5,1381498.805832436,1348525.595046537
360820:8297,10/20/22 15:48:59,885,885,368104285.754442096,349531281.258333564
360825:8297,10/20/22 22:18:00,358,358,120361901.826046631,114619596.831728876
360826:8297,10/21/22 00:40:05,118,118,35935350.811362281,33966209.788220957
360856:8299,10/21/22 13:12:55,56,56,3178997.730878343,3083449.257707912
360874:8301,10/21/22 18:54:00,52,52,3155738.842552887,3052202.957338898
360876:8301,10/21/22 19:32:24,341,341,21764268.733534161,21215116.971065465
360887:8302,10/22/22 00:37:33,123,123,46602525.028236687,43210722.082566246
360888:8302,10/22/22 01:28:39,289,289,129126081.675453037,122570258.748006552
360889:8302,10/22/22 03:26:51,36,36,16007124.428138981,8657592.910261005
360890:8302,10/22/22 03:43:25,504,504,198982659.950993091,190481440.464633942
360892:8302,10/22/22 07:12:51,296,296,97074087.348896578,93495907.419360057
360895:8302,10/22/22 09:34:19,700,700,182848477.653092980,177556171.094780296
360919:8304,10/22/22 18:02:11,798,798,342204753.549489260,324443462.832661688
360920:8304,10/22/22 23:13:18,4,4,1617686.054300089,1378271.389429790
360921:8304,10/22/22 23:17:35,218,218,83296498.890608370,79605022.540662169
360927:8305,10/23/22 03:07:11,1892,1892,694021592.688634038,661856684.769577622
360941:8306,10/23/22 17:40:28,72,72,26535742.975263599,25089079.687513340
360942:8306,10/23/22 18:14:08,344,344,150633020.289754122,142238398.848618120
360945:8306,10/23/22 20:45:57,91,91,39713587.734231204,37498071.216687880
360946:8306,10/23/22 21:27:46,364,364,149364803.964705497,142295688.016851336
360948:8306,10/24/22 00:02:16,119,119,43383537.401778184,41551335.440366536
360950:8306,10/24/22 00:53:44,716,716,219884553.530351400,211202623.537824899
360951:8306,10/24/22 05:37:03,190,190,46545387.835357517,44857510.965402015
360991:8307,10/24/22 12:26:00,230,230,27869939.601737447,26880957.520217076
360992:8307,10/24/22 13:58:16,99,99,11118592.565417027,10845870.815458946
361020:8309,10/24/22 19:05:24,399,399,27199685.682352401,25875934.921840806
361044:8311,10/25/22 02:03:59,125,125,49242749.408264361,46297742.758722916
361045:8311,10/25/22 02:55:10,945,945,398787941.577372670,378949181.520661235
361050:8311,10/25/22 09:24:54,10,10,3535181.947243630,3174793.214347331
361052:8311,10/25/22 09:34:36,65,65,22010623.926408716,20867582.591579963
361054:8311,10/25/22 10:06:43,461,461,138071072.767425954,132244348.862104371
361083:8312,10/25/22 16:24:52,54,54,7635550.203230063,7174292.119241606
361091:8313,10/25/22 18:40:42,381,381,51517421.786783651,49982350.072644159
361105:8314,10/26/22 01:35:51,408,408,149625929.870199949,142005120.387242466
361106:8314,10/26/22 04:21:10,31,31,11436088.796694500,10643571.895236488
361107:8314,10/26/22 04:35:30,156,156,58510394.808705918,55436952.202769287
361108:8314,10/26/22 05:38:10,7,7,2685444.411147736,2087483.063193678
361110:8314,10/26/22 05:43:42,197,197,69735942.000589788,65709299.016483486
361188:8315,10/26/22 20:31:47,141,141,61401641.537798844,54824681.434038289
361193:8315,10/26/22 21:27:43,29,29,12550279.892536955,11106510.792661106
361195:8315,10/26/22 21:41:33,20,20,8808080.046660759,7970571.962421415
361197:8315,10/26/22 21:58:35,2147,2147,742904190.450868249,686306803.732937813
361223:8316,10/27/22 15:21:52,695,695,298354566.505632281,273949223.511484623
361239:8317,10/27/22 22:30:03,1056,1056,447782419.399740875,425947871.122165680
361240:8317,10/28/22 05:22:51,1015,1015,304316667.448848486,293223373.188623071
361272:8319,10/28/22 14:59:35,125,125,52710624.276922971,50302953.377625585
361280:8319,10/28/22 15:56:59,267,267,116729086.153424039,110740862.318699464
361283:8319,10/28/22 17:46:07,26,26,11371196.866783021,10699190.784779666
361284:8319,10/28/22 18:01:19,36,36,15530857.319671465,14834619.457565080
361297:8320,10/28/22 22:09:25,933,933,401183274.648572862,380715538.988928735
361303:8321,10/29/22 08:03:41,2240,2240,811708496.520745993,773255311.177476525
361318:8322,10/30/22 01:24:17,457,457,198425809.419474691,189057001.940668106
361319:8322,10/30/22 03:23:53,162,162,71696203.877537638,68980444.592016488
361320:8322,10/30/22 04:42:46,382,382,155860059.084608734,149278955.328368247
361333:8324,10/30/22 11:06:23,302,302,126906881.689326331,121018169.672101110
361361:8327,10/31/22 03:35:35,46,46,18641889.456618853,15109153.258815018
361362:8327,10/31/22 03:56:28,31,31,7846638.594800431,6410124.312047400
361363:8327,10/31/22 04:10:21,27,27,11224863.056653187,8032290.179333122
361365:8327,10/31/22 05:28:09,489,489,215579018.906270981,193981017.260266066
361366:8327,10/31/22 08:40:31,201,201,78921231.432403773,74410719.923070714
361400:8330,10/31/22 18:20:30,456,456,194459410.638839185,184623029.252062678
361417:8331,11/01/22 05:24:44,1622,1622,644238664.525251627,616364983.966507435
361443:8333,11/01/22 19:11:32,2274,2274,813725554.763380170,781085175.765583992
361468:8334,11/02/22 12:35:09,1881,1881,744610197.718642950,705547425.813948154
361475:8335,11/03/22 03:17:52,1231,1231,509969434.755421102,486882900.649948955
361512:8342,11/03/22 21:42:36,1537,1537,608509214.186107635,583144401.122105122
361569:8345,11/04/22 22:57:59,564,564,240041597.953208029,229049588.434794843
361573:8345,11/05/22 02:48:33,305,305,129098495.918920532,123050695.860866010
361579:8347,11/05/22 09:31:22,863,863,365562101.497863770,346495295.944774270
361580:8347,11/05/22 15:13:00,422,422,148052553.693881214,142027876.177041799
361957:8385,11/12/22 08:34:53,1163,1163,337635109.668255687,327848340.542700469
361971:8387,11/12/22 18:51:37,2343,2343,848860974.828090549,814148194.977779388
361989:8389,11/13/22 15:16:41,114,114,44362036.293547079,41819349.260658138
361990:8389,11/13/22 16:03:08,204,204,89091048.539230749,85197583.003658146
361994:8389,11/13/22 17:39:23,116,116,50964297.171998844,47985338.267012917
362058:8395,11/14/22 17:00:57,171,171,68041034.038180918,62573289.124737062
362059:8395,11/14/22 18:09:39,63,63,27409880.567548417,25651652.556471072
362060:8395,11/14/22 18:39:17,84,84,37129266.195702083,35498483.243683457
362061:8395,11/14/22 19:16:14,314,314,137544360.292929649,129373929.095132634
362062:8395,11/14/22 21:20:50,207,207,89683187.906190798,84522770.189812556
362063:8395,11/14/22 22:46:25,86,86,34685860.845381640,33183927.997334972
362064:8395,11/15/22 00:15:16,973,973,291737833.623733819,281569595.910759091
362087:8398,11/15/22 13:07:32,145,145,64781106.239444293,61183666.974236675
362091:8398,11/15/22 14:07:33,1418,1418,526768098.560373425,502541593.347704351
362104:8399,11/16/22 02:17:50,115,115,43571001.325364970,41604006.971240081
362105:8399,11/16/22 03:07:18,179,179,77742813.313455760,74045968.397539720
362106:8399,11/16/22 04:21:10,78,78,33802059.421334758,32695903.942547586
362107:8399,11/16/22 04:54:57,785,785,333751206.576745629,317821646.148638070
362148:8401,11/16/22 14:18:54,720,720,307010119.593221724,292404123.870018661
362153:8401,11/16/22 19:05:40,140,140,61665269.676850796,57701631.595776796
362154:8401,11/16/22 20:04:32,784,784,279779539.911466002,268360462.276110321
362159:8402,11/17/22 03:22:26,7,7,1939350.226238467,1683844.647977793
362161:8402,11/17/22 03:36:51,120,120,51695672.525095306,49547035.576231003
362163:8402,11/17/22 04:27:43,65,65,28351060.998673394,26694256.305324882
362166:8402,11/17/22 04:55:09,331,331,144765673.297754079,139041278.522362709
362167:8402,11/17/22 07:08:33,646,646,269747100.669947803,258914423.617102087
362437:8456,11/21/22 12:53:12,31,31,11653266.772956725,9891467.714134185
362439:8456,11/21/22 14:08:41,1374,1374,535660501.531395614,512575635.453698218
362597:8471,11/23/22 22:16:30,139,139,60516702.654381625,58378242.257932186
362614:8474,11/24/22 07:40:41,153,153,70089736.512027100,65069820.195260324
362615:8474,11/24/22 08:43:24,149,149,72309660.156170562,67123635.013585821
362616:8474,11/24/22 09:45:49,351,351,171765843.503759921,160209144.058746308
362617:8474,11/24/22 12:07:16,244,244,115275525.817284852,109087093.727743089
362618:8474,11/24/22 13:44:46,274,274,109660977.084053352,101298349.239940509
362653:8484,11/25/22 08:53:12,266,266,109328655.120500639,103312880.604009911
362654:8484,11/25/22 10:39:59,26,26,11614017.849227753,10739168.234629646
362655:8484,11/25/22 11:00:15,333,333,149659847.862069488,142221639.588975966
362657:8484,11/25/22 13:32:35,198,198,84738289.807332546,81396135.088757336
362695:8489,11/26/22 01:41:34,334,334,138221407.038546383,130171243.060263932
362696:8489,11/26/22 03:52:11,1711,1711,617305349.229515672,592590940.369589090
362698:8489,11/26/22 15:10:14,374,374,84785229.932148501,81902604.537555769
362720:8491,11/26/22 23:59:02,898,898,377354977.145117402,360052003.821744859
362727:8491,11/27/22 06:16:11,4,4,1623720.289801820,1429073.694091952
362728:8491,11/27/22 06:21:34,388,388,152517608.866538107,145363068.446372122
362757:8496,11/27/22 23:14:46,62,62,21624615.549216881,19747923.322812408
362758:8496,11/27/22 23:43:07,205,205,88197808.641554415,83570575.132189706
362760:8496,11/28/22 01:16:05,728,728,299207857.783994555,285734958.151556492
366727:8675,04/28/23 00:14:39,243,243,16745458.155663287,15703006.285254117
366729:8675,04/28/23 02:28:26,414,414,29317126.838165749,27559217.590151694
366801:8685,04/29/23 13:49:49,429,429,26468215.215562295,24599003.674466010
366802:8685,04/29/23 16:38:53,22,22,1225103.599790981,1117457.532218885
366804:8685,04/29/23 16:52:11,150,150,7533315.817047941,7283552.443116003
366820:8686,04/29/23 20:17:19,372,372,24530923.564990863,22246754.064357195
366821:8686,04/29/23 22:43:29,967,967,58465142.083498053,54572186.782856986
366829:8690,04/30/23 10:56:23,215,215,13220737.623990843,11980007.133710219
366832:8690,04/30/23 12:27:18,258,258,20577140.250007197,18430550.593965806
366833:8690,04/30/23 14:14:16,623,623,35278312.196848013,32929826.739418499
366838:8691,04/30/23 20:25:11,112,112,6944315.964193828,6211096.628407766
366840:8691,04/30/23 21:16:27,180,180,14416308.279069563,12150917.784346603
366841:8691,04/30/23 22:30:41,258,258,18724111.386032771,16766244.629333332
366850:8692,05/01/23 03:02:36,141,141,9744233.017346369,8769043.135394514
366933:8701,05/03/23 02:56:24,1170,1170,203610461.705547243,190492117.912855923
367062:8723,05/05/23 13:39:01,13,13,589468.994910221,498854.519168802
367063:8723,05/05/23 13:50:58,15,15,754161.291110580,638262.871816271
367064:8723,05/05/23 13:58:54,327,327,24634009.372574259,22695565.410147239
367065:8723,05/05/23 17:09:08,262,262,18147768.050754324,16403643.937915972
367070:8724,05/05/23 22:59:27,83,83,11471080.171088768,11234915.797978599
367079:8725,05/06/23 05:51:51,713,713,128114087.890957713,120148604.372183576
367095:8728,05/06/23 13:29:02,564,564,116247384.183802292,109571899.375479177
367100:8729,05/06/23 20:09:21,346,346,69363299.564679667,65165683.603299119
367102:8729,05/06/23 22:28:48,75,75,16317724.200726731,15104963.804763723
367103:8729,05/06/23 23:02:02,64,64,13987490.358171543,12809401.775146753
367104:8729,05/06/23 23:31:30,1082,1082,191017247.118355393,183123726.000580043
367111:8730,05/07/23 09:24:23,288,288,55661595.134715050,51563915.378470369
367112:8730,05/07/23 11:19:36,1438,1438,254760342.259374112,243399965.628815860
367127:8731,05/07/23 22:42:33,333,333,99033686.661602780,92207595.841775328
367128:8731,05/08/23 00:54:20,7,7,2404123.621903551,2145256.503190815
367129:8731,05/08/23 01:01:54,3,3,1012357.717523159,968801.226098462
367130:8731,05/08/23 01:05:47,153,153,43005141.089783929,40689393.627055615
367131:8731,05/08/23 02:12:34,149,149,39454687.119503155,37709423.743312731
367133:8731,05/08/23 03:12:46,275,275,82774061.490635753,79425361.573749200
367228:8736,05/08/23 23:46:35,239,239,57966405.009159699,54502903.500901148
367229:8736,05/09/23 01:25:47,34,34,11562575.985384097,10816690.462865613
367230:8736,05/09/23 01:44:57,1,1,336375.933840589,301846.166867070
367231:8736,05/09/23 01:48:31,22,22,7482598.555501970,6859231.008440224
367232:8736,05/09/23 01:59:29,996,996,320955246.041580915,307248610.627153695
367234:8736,05/09/23 08:33:08,501,501,128987131.597483054,124461951.552107111
367260:8738,05/09/23 18:06:48,187,187,52056337.376491182,49446357.939555928
367262:8738,05/09/23 19:32:02,262,262,89322069.917720929,83240053.428268597
367263:8738,05/09/23 21:23:59,12,12,4036481.442022410,3404597.300908662
367264:8738,05/09/23 21:31:14,847,847,228399692.528000683,217752162.628952742
367267:8739,05/10/23 05:37:29,278,278,65904506.845758975,61607448.768001460
367269:8739,05/10/23 07:33:29,33,33,11202893.015518820,9455872.131471206
367270:8739,05/10/23 07:48:56,961,961,286504966.099977076,271633348.355438590
367271:8739,05/10/23 14:08:10,135,135,30306084.041965242,29080691.926720310
367312:8741,05/10/23 21:23:55,216,216,45084379.255603187,42268064.073196448
367314:8741,05/10/23 22:55:00,20,20,6774067.893774620,6200751.581281798
367315:8741,05/10/23 23:11:42,893,893,255496553.040544361,244534845.387456208
367334:8746,05/11/23 11:40:36,299,299,91332934.361762539,83995721.114226282
367336:8746,05/11/23 13:40:58,169,169,65750458.005928747,62578973.964930803
367337:8746,05/11/23 14:49:42,1046,1046,295550535.031871855,284514186.312251031
367355:8750,05/12/23 03:30:34,4,4,946251.839080452,812672.426747096
367406:8754,05/12/23 16:38:10,429,429,159214114.618160814,149694068.130557269
367413:8754,05/12/23 20:13:16,1294,1294,424090478.395991683,400172916.445136249
367415:8754,05/13/23 04:52:02,97,97,22366881.277387284,21650458.879163247
367416:8754,05/13/23 05:40:55,55,55,12157008.411032293,11605929.651164729
367475:8771,05/14/23 12:33:10,579,579,236826454.013760418,216721508.770605654
367477:8771,05/14/23 16:23:22,1289,1289,400407319.930438697,384953958.037708879
367515:8773,05/15/23 07:38:07,625,625,247583494.441155076,229654992.246725678
367516:8773,05/15/23 11:48:44,1236,1236,428066963.237263680,404435587.123103797
367552:8775,05/16/23 00:21:36,11,11,1107383.322193402,872434.431184395
367553:8775,05/16/23 00:27:38,644,644,270268482.397622585,256214661.470113665
367554:8775,05/16/23 04:39:53,312,312,127568297.128789306,120766311.166944653
367615:8782,05/17/23 04:49:11,432,432,169094051.010787606,160235919.185079187
367618:8782,05/17/23 08:11:09,324,324,138966818.110527515,132073296.289109334
367619:8782,05/17/23 10:19:47,577,577,186005032.718013018,179350374.217468500
367661:8784,05/18/23 00:24:43,317,317,115989118.961873904,108171867.415947095
367662:8784,05/18/23 02:29:53,18,18,8051204.514041276,7233731.090471646
367663:8784,05/18/23 02:38:47,1,1,443884.282869686,405941.677405965
367665:8784,05/18/23 02:51:18,271,271,121055421.257756919,112140629.839202091
367666:8784,05/18/23 04:39:54,82,82,36619103.326263629,33486554.111258496
367691:8786,05/18/23 14:45:43,159,159,48764882.405245617,43731612.678477511
367696:8786,05/18/23 16:31:37,1919,1919,665877346.814126372,632110292.978685260
367699:8786,05/19/23 05:14:55,151,151,29747362.786384914,28994224.397762928
367730:8794,05/19/23 19:40:18,515,515,204535271.544117898,190826785.071950078
367742:8796,05/20/23 05:16:41,405,405,160384749.608797193,153015861.235396266
367758:8804,05/21/23 05:47:38,716,716,290079163.938259125,275623197.517887890
367770:8807,05/21/23 16:39:40,152,152,47309190.400551654,44138396.797448337
367771:8807,05/21/23 17:40:13,91,91,43176241.140801072,40465834.296956718
367772:8807,05/21/23 18:17:11,6,6,2783893.093981505,2175325.966189100
367790:8811,05/22/23 04:56:12,160,160,53057659.060899235,49440907.848929644
367831:8816,05/22/23 19:58:40,452,452,193480882.572723895,183267618.770728201
367836:8817,05/23/23 02:06:34,541,541,232868425.170482635,220893889.725524724
367838:8817,05/23/23 05:40:32,793,793,338738355.446669817,322408125.073069811
367840:8817,05/23/23 10:52:14,570,570,171010026.275076091,164787318.025218815
367881:8821,05/24/23 01:38:10,139,139,49790061.044753812,47207783.143020116
367883:8821,05/24/23 02:40:40,1050,1050,494422082.457598627,468207976.894247234
367884:8821,05/24/23 09:31:57,1011,1011,324963126.967837512,313014021.000153065
367902:8822,05/24/23 19:32:35,232,232,91006359.806007206,85709670.021898985
367904:8822,05/24/23 21:07:59,103,103,49435114.212101974,44545043.931153670
367905:8822,05/24/23 21:51:10,48,48,22926500.231457364,21281962.035265163
367906:8822,05/24/23 22:15:19,344,344,164988069.535130531,150785571.187805057
367907:8822,05/25/23 00:31:40,119,119,56820619.530135967,50784695.147134706
367908:8822,05/25/23 01:20:49,358,358,152612412.128828883,142974156.345669448
367910:8822,05/25/23 03:44:16,593,593,196751024.240673989,189983790.534198910
368223:8850,05/30/23 19:28:58,436,436,49219947.089959063,42785896.235413462
368224:8850,05/30/23 22:22:23,57,57,6807788.367770849,6334914.632802011
368229:8853,05/31/23 02:15:18,518,518,95353771.882041544,90797958.850367010
368318:8858,06/01/23 15:07:55,283,283,67243075.829243436,63519966.029975779
368320:8858,06/01/23 16:59:31,285,285,81005482.553363666,77736362.603201553
368321:8858,06/01/23 18:51:29,337,337,82318926.361805141,78759287.662045270
368332:8860,06/02/23 00:20:52,14,14,2427703.257673537,2340771.291317987
368333:8860,06/02/23 00:28:24,25,25,4920809.605964278,4088554.708518800
368343:8860,06/02/23 02:57:27,328,328,100078619.479496151,95712405.653190851
368382:8863,06/02/23 18:02:36,756,756,220554910.873571634,209297224.229290277
368384:8863,06/02/23 23:15:41,44,44,11960658.291980388,11288810.775273697
368388:8865,06/03/23 02:21:46,1429,1429,376745509.206704080,358877738.708756268
368389:8865,06/03/23 11:40:44,198,198,35759134.804897636,34554403.933865041
368400:8866,06/03/23 14:50:32,232,232,68601977.774733171,64607480.316123605
368410:8870,06/04/23 01:48:50,1453,1453,441515904.341471314,419480494.909503818
368412:8870,06/04/23 11:25:10,92,92,18311516.505646843,17600033.661115967
368423:8872,06/04/23 16:14:20,474,474,199472444.596389651,190011978.761751056
368451:8873,06/05/23 01:18:33,144,144,61389381.202944599,56568321.947995998
368453:8873,06/05/23 02:22:37,5,5,2005794.518958468,299523.183652890
368454:8873,06/05/23 02:26:44,1165,1165,342278325.108981848,328520557.536913574
368489:8877,06/05/23 15:06:06,1025,1025,393500146.575703144,375585942.710405171
368546:8880,06/06/23 06:02:46,659,659,295544371.118931651,275630545.329393327
368547:8880,06/06/23 10:21:17,700,700,254727678.114980102,234184269.028040975
368548:8880,06/06/23 15:02:12,1038,1038,245695061.809899122,236924780.764747560
368566:8882,06/07/23 00:37:56,1195,1195,501585312.740966260,473338413.561391652
368567:8882,06/07/23 08:24:22,433,433,130458886.137209371,124723739.933181539
368609:8885,06/08/23 02:28:48,999,999,420514418.309435785,401245935.216824174
368611:8885,06/08/23 09:09:42,381,381,121782774.280233160,117243244.276225105
368613:8885,06/08/23 11:55:55,260,260,68970809.022999629,66658254.405236192
368636:8887,06/08/23 23:31:45,769,769,323468874.209661484,308785232.601614237
368669:8891,06/09/23 15:10:40,369,369,163011097.916463315,154976051.574166715
368670:8891,06/09/23 17:36:20,258,258,120075393.843455866,112940910.333803982
368672:8891,06/09/23 19:40:15,866,866,300424180.371488035,288094604.449238956
368674:8891,06/10/23 02:29:40,12,11,2973213.291916546,2345962.521693876
368675:8891,06/10/23 02:36:10,50,50,12116768.930872686,10873042.899463732
368676:8891,06/10/23 02:58:19,156,156,35945188.820745200,34459004.422364034
368678:8891,06/10/23 04:02:10,171,171,36521685.930369534,35377719.742823109
368684:8894,06/10/23 09:13:07,96,96,26522099.377856389,23691362.574401818
368685:8894,06/10/23 09:53:33,1481,1481,575244702.146886349,551284298.642067075
368723:8895,06/11/23 02:11:38,93,93,33679510.692392543,32063143.012301426
368724:8895,06/11/23 03:02:34,1200,1200,512239389.171862006,486960591.745900095
368746:8896,06/11/23 13:26:58,39,39,8764889.004176941,8078309.759909551
368749:8896,06/11/23 13:52:39,169,169,75589085.288292870,70484644.634523809
368753:8896,06/11/23 15:10:11,976,976,420396177.611435652,400289787.885774136
368822:8901,06/13/23 04:28:21,945,945,404284533.548787832,384567398.899720967
368823:8901,06/13/23 10:38:47,33,33,13190313.539924208,11676866.532851344
369927:9016,07/01/23 14:26:50,340,340,3232428.065372645,3184844.377355246
369943:9017,07/01/23 21:31:57,384,384,29589301.917877402,28931864.108260728
369956:9019,07/02/23 05:24:03,1040,1040,87948774.198740765,85792677.579954877
369978:9022,07/02/23 18:21:51,782,782,170577045.309581608,164211090.906360745
369998:9023,07/03/23 02:31:01,179,179,59041263.897541150,54522992.307976179
369999:9023,07/03/23 03:42:38,41,41,16047742.117476696,14570408.348968195
370093:9029,07/04/23 01:52:21,450,450,157630338.357295632,150552240.273986310
370097:9029,07/04/23 07:14:28,356,356,134912130.277364433,127556893.843759581
370102:9029,07/04/23 09:48:17,762,762,210324068.453975201,202825271.401061207
370129:9031,07/04/23 18:57:20,510,510,211939691.767199129,202816517.463707864
370144:9031,07/04/23 23:36:05,1328,1328,401076446.319561005,386675762.069500089
370169:9035,07/05/23 13:04:40,1330,1330,533180311.473900795,498241186.508465767
370172:9035,07/05/23 23:07:28,300,300,79394653.340735570,74826141.135905862
370175:9036,07/06/23 03:38:22,1693,1693,705914411.557426214,672573167.231301665
370293:9043,07/07/23 13:09:51,1580,1580,675042629.068983674,642732227.384645224
370294:9043,07/07/23 23:26:42,668,668,180485550.586304128,173942472.667488426
370300:9044,07/08/23 06:08:22,962,962,438643686.980162263,417299098.074866533
370304:9044,07/08/23 12:50:38,327,327,124693791.894527227,118736040.464664370
370307:9044,07/08/23 15:04:05,708,708,208199699.321256965,200916146.891894549
370321:9045,07/08/23 21:41:08,14,14,1836053.826265815,1663548.923149571
370332:9045,07/08/23 22:20:38,1966,1966,740674918.112676382,704978281.640850663
370340:9046,07/09/23 12:57:13,756,756,346933134.123018444,328453629.337019682
370354:9049,07/09/23 21:08:47,278,278,116066379.828511953,111495807.725692213
370357:9049,07/10/23 00:29:47,801,801,330895166.134579241,317644586.673487425
370406:9050,07/10/23 14:29:29,825,825,365973524.572714269,348204345.609568954
370436:9050,07/10/23 19:55:30,31,31,11172829.478731818,10365607.050575169
370460:9055,07/11/23 05:20:19,116,116,33826538.528781943,32508535.865003921
370472:9056,07/11/23 09:22:18,42,42,9650326.298513057,9516477.074710133
370497:9057,07/11/23 11:38:34,1429,1429,596117816.444623828,567733138.691773772
370522:9059,07/12/23 01:55:53,322,322,137536073.008791149,131074407.604739666
370560:9062,07/12/23 14:37:34,348,348,150242402.480270386,143756048.802735239
370579:9063,07/12/23 19:39:39,85,85,25173468.093361080,24120066.119219538
370580:9063,07/12/23 20:17:16,2875,2875,946580185.627786398,901266289.491500616
370667:9066,07/14/23 10:10:37,101,101,39604165.339145817,36958406.027003065
370717:9067,07/15/23 03:10:34,119,119,37417688.576404996,35738627.862629607
370725:9068,07/15/23 07:13:53,412,412,180174557.803093165,170298685.234280795
370749:9070,07/15/23 19:21:13,1490,1490,647849973.143715262,616526040.935884953
370753:9070,07/16/23 05:18:43,249,249,75995505.707486674,73291982.530465677
370772:9072,07/16/23 09:59:39,1219,1219,560913085.614638209,533051582.323292792
370774:9072,07/16/23 18:07:34,159,159,59895966.090519473,55098644.271206833
370775:9072,07/16/23 19:11:41,168,168,57535463.589778200,53346902.424834333
370776:9072,07/16/23 20:19:32,326,326,97974198.910209402,94236995.295583829
370790:9073,07/17/23 00:51:10,23,23,3393495.188702821,2963380.476879424
#Summary:
#nfill,nrun,nls,ncms,totdelivered(/ub),totrecorded(/ub)
#217,547,211646,211640,65599781518.749809265,62390044434.489707947
#
#Warning: problems found in merging -i and --normtag selections:
#  runs [368762, 368764, 368765] are not covered by normtag
#  in run 359571 [[1, 16], [18, 186]] is not a superset of [[1, 4], [7, 28], [30, 39], [41, 50], [52, 61], [63, 72], [74, 83], [85, 94], [96, 105], [107, 116], [118, 127], [129, 138], [140, 149], [151, 160], [162, 169]]
#  in run 359661 [[40, 122]] is not a superset of [[42, 233]]
#  in run 368489 [[46, 863], [865, 1079]] is not a superset of [[47, 791], [793, 827], [829, 863], [865, 899], [901, 935], [937, 971], [973, 1007], [1009, 1043], [1045, 1079], [1081, 1280], [1282, 1380], [1382, 1581], [1583, 1595]]
#Check JSON:
#(run,ls) in json but not in results: []
